external_urls,followers,genres,href,id,images,name,popularity,type,uri
{'spotify': 'https://open.spotify.com/artist/4obzFoKoKRHIphyHzJ35G3'},"{'href': None, 'total': 14271053}","['latin pop', 'latin viral pop', 'rap latina', 'reggaeton', 'trap latino', 'urbano latino']",https://api.spotify.com/v1/artists/4obzFoKoKRHIphyHzJ35G3,4obzFoKoKRHIphyHzJ35G3,"[{'height': 640, 'url': 'https://i.scdn.co/image/ab6761610000e5ebd132bf0d4a9203404cd66f79', 'width': 640}, {'height': 320, 'url': 'https://i.scdn.co/image/ab67616100005174d132bf0d4a9203404cd66f79', 'width': 320}, {'height': 160, 'url': 'https://i.scdn.co/image/ab6761610000f178d132bf0d4a9203404cd66f79', 'width': 160}]",Becky G,77,artist,spotify:artist:4obzFoKoKRHIphyHzJ35G3
{'spotify': 'https://open.spotify.com/artist/5xKp3UyavIBUsGy3DQdXeF'},"{'href': None, 'total': 568038}","['neo mellow', 'piano rock', 'pop rock', 'viral pop']",https://api.spotify.com/v1/artists/5xKp3UyavIBUsGy3DQdXeF,5xKp3UyavIBUsGy3DQdXeF,"[{'height': 640, 'url': 'https://i.scdn.co/image/ab6761610000e5eb46416642da7b30327821d26e', 'width': 640}, {'height': 320, 'url': 'https://i.scdn.co/image/ab6761610000517446416642da7b30327821d26e', 'width': 320}, {'height': 160, 'url': 'https://i.scdn.co/image/ab6761610000f17846416642da7b30327821d26e', 'width': 160}]",A Great Big World,58,artist,spotify:artist:5xKp3UyavIBUsGy3DQdXeF
{'spotify': 'https://open.spotify.com/artist/0X2BH1fck6amBIoJhDVmmJ'},"{'href': None, 'total': 12413950}","['indietronica', 'metropopolis', 'pop', 'uk pop']",https://api.spotify.com/v1/artists/0X2BH1fck6amBIoJhDVmmJ,0X2BH1fck6amBIoJhDVmmJ,"[{'height': 640, 'url': 'https://i.scdn.co/image/ab6761610000e5ebc3cd7dc428871e8985d62b9a', 'width': 640}, {'height': 320, 'url': 'https://i.scdn.co/image/ab67616100005174c3cd7dc428871e8985d62b9a', 'width': 320}, {'height': 160, 'url': 'https://i.scdn.co/image/ab6761610000f178c3cd7dc428871e8985d62b9a', 'width': 160}]",Ellie Goulding,77,artist,spotify:artist:0X2BH1fck6amBIoJhDVmmJ
{'spotify': 'https://open.spotify.com/artist/73Np75Wv2tju61Eo9Zw4IR'},"{'href': None, 'total': 445879}","['broadway', 'hollywood', 'movie tunes', 'show tunes']",https://api.spotify.com/v1/artists/73Np75Wv2tju61Eo9Zw4IR,73Np75Wv2tju61Eo9Zw4IR,"[{'height': 640, 'url': 'https://i.scdn.co/image/ab6761610000e5eb163f66fedf73f7d1759cea61', 'width': 640}, {'height': 320, 'url': 'https://i.scdn.co/image/ab67616100005174163f66fedf73f7d1759cea61', 'width': 320}, {'height': 160, 'url': 'https://i.scdn.co/image/ab6761610000f178163f66fedf73f7d1759cea61', 'width': 160}]",Idina Menzel,68,artist,spotify:artist:73Np75Wv2tju61Eo9Zw4IR
{'spotify': 'https://open.spotify.com/artist/0kkxsdcaWmWU2yWAqclDh4'},"{'href': None, 'total': 758286}","['post-teen pop', 'teen pop', 'viral pop']",https://api.spotify.com/v1/artists/0kkxsdcaWmWU2yWAqclDh4,0kkxsdcaWmWU2yWAqclDh4,"[{'height': 640, 'url': 'https://i.scdn.co/image/ab6761610000e5eba9add5f319d70026d4f3b8a1', 'width': 640}, {'height': 320, 'url': 'https://i.scdn.co/image/ab67616100005174a9add5f319d70026d4f3b8a1', 'width': 320}, {'height': 160, 'url': 'https://i.scdn.co/image/ab6761610000f178a9add5f319d70026d4f3b8a1', 'width': 160}]",Rixton,58,artist,spotify:artist:0kkxsdcaWmWU2yWAqclDh4
{'spotify': 'https://open.spotify.com/artist/2feDdbD5araYcm6JhFHHw7'},"{'href': None, 'total': 3107846}","['indie poptimism', 'pop']",https://api.spotify.com/v1/artists/2feDdbD5araYcm6JhFHHw7,2feDdbD5araYcm6JhFHHw7,"[{'height': 640, 'url': 'https://i.scdn.co/image/ab6761610000e5eb7885d725841e0338092f5f6f', 'width': 640}, {'height': 320, 'url': 'https://i.scdn.co/image/ab676161000051747885d725841e0338092f5f6f', 'width': 320}, {'height': 160, 'url': 'https://i.scdn.co/image/ab6761610000f1787885d725841e0338092f5f6f', 'width': 160}]",Labrinth,76,artist,spotify:artist:2feDdbD5araYcm6JhFHHw7
{'spotify': 'https://open.spotify.com/artist/1hzfo8twXdOegF3xireCYs'},"{'href': None, 'total': 1861828}","['german pop', 'modern rock']",https://api.spotify.com/v1/artists/1hzfo8twXdOegF3xireCYs,1hzfo8twXdOegF3xireCYs,"[{'height': 640, 'url': 'https://i.scdn.co/image/ab6761610000e5eb7c4c8abfbf97a72b2624fdf4', 'width': 640}, {'height': 320, 'url': 'https://i.scdn.co/image/ab676161000051747c4c8abfbf97a72b2624fdf4', 'width': 320}, {'height': 160, 'url': 'https://i.scdn.co/image/ab6761610000f1787c4c8abfbf97a72b2624fdf4', 'width': 160}]",Milky Chance,69,artist,spotify:artist:1hzfo8twXdOegF3xireCYs
{'spotify': 'https://open.spotify.com/artist/06HL4z0CvFAxyc27GXpf02'},"{'href': None, 'total': 94563998}",['pop'],https://api.spotify.com/v1/artists/06HL4z0CvFAxyc27GXpf02,06HL4z0CvFAxyc27GXpf02,"[{'height': 640, 'url': 'https://i.scdn.co/image/ab6761610000e5eb859e4c14fa59296c8649e0e4', 'width': 640}, {'height': 320, 'url': 'https://i.scdn.co/image/ab67616100005174859e4c14fa59296c8649e0e4', 'width': 320}, {'height': 160, 'url': 'https://i.scdn.co/image/ab6761610000f178859e4c14fa59296c8649e0e4', 'width': 160}]",Taylor Swift,100,artist,spotify:artist:06HL4z0CvFAxyc27GXpf02
{'spotify': 'https://open.spotify.com/artist/58MLl9nC29IXbE4nEtuoP2'},"{'href': None, 'total': 1173431}","['pop', 'post-teen pop']",https://api.spotify.com/v1/artists/58MLl9nC29IXbE4nEtuoP2,58MLl9nC29IXbE4nEtuoP2,"[{'height': 640, 'url': 'https://i.scdn.co/image/ab6761610000e5ebc5e901adce2d0155523c155e', 'width': 640}, {'height': 320, 'url': 'https://i.scdn.co/image/ab67616100005174c5e901adce2d0155523c155e', 'width': 320}, {'height': 160, 'url': 'https://i.scdn.co/image/ab6761610000f178c5e901adce2d0155523c155e', 'width': 160}]",Alex & Sierra,55,artist,spotify:artist:58MLl9nC29IXbE4nEtuoP2
{'spotify': 'https://open.spotify.com/artist/6JL8zeS1NmiOftqZTRgdTz'},"{'href': None, 'total': 14312526}","['hip pop', 'pop']",https://api.spotify.com/v1/artists/6JL8zeS1NmiOftqZTRgdTz,6JL8zeS1NmiOftqZTRgdTz,"[{'height': 640, 'url': 'https://i.scdn.co/image/ab6761610000e5eb4d8f97058ff993df0f4eb9ee', 'width': 640}, {'height': 320, 'url': 'https://i.scdn.co/image/ab676161000051744d8f97058ff993df0f4eb9ee', 'width': 320}, {'height': 160, 'url': 'https://i.scdn.co/image/ab6761610000f1784d8f97058ff993df0f4eb9ee', 'width': 160}]",Meghan Trainor,76,artist,spotify:artist:6JL8zeS1NmiOftqZTRgdTz
{'spotify': 'https://open.spotify.com/artist/0awl5piYwO0CDTHEkCjUhn'},"{'href': None, 'total': 521994}",['afrobeats'],https://api.spotify.com/v1/artists/0awl5piYwO0CDTHEkCjUhn,0awl5piYwO0CDTHEkCjUhn,"[{'height': 640, 'url': 'https://i.scdn.co/image/ab6761610000e5eb6d8a820d84caf09bf4846c1c', 'width': 640}, {'height': 320, 'url': 'https://i.scdn.co/image/ab676161000051746d8a820d84caf09bf4846c1c', 'width': 320}, {'height': 160, 'url': 'https://i.scdn.co/image/ab6761610000f1786d8a820d84caf09bf4846c1c', 'width': 160}]",Nico & Vinz,60,artist,spotify:artist:0awl5piYwO0CDTHEkCjUhn
{'spotify': 'https://open.spotify.com/artist/61lyPtntblHJvA7FMMhi7E'},"{'href': None, 'total': 713611}","['edm', 'house', 'pop dance', 'progressive house', 'uk dance']",https://api.spotify.com/v1/artists/61lyPtntblHJvA7FMMhi7E,61lyPtntblHJvA7FMMhi7E,"[{'height': 640, 'url': 'https://i.scdn.co/image/ab6761610000e5eb208e2d15d19c97801c0bd5fc', 'width': 640}, {'height': 320, 'url': 'https://i.scdn.co/image/ab67616100005174208e2d15d19c97801c0bd5fc', 'width': 320}, {'height': 160, 'url': 'https://i.scdn.co/image/ab6761610000f178208e2d15d19c97801c0bd5fc', 'width': 160}]",Duke Dumont,63,artist,spotify:artist:61lyPtntblHJvA7FMMhi7E
{'spotify': 'https://open.spotify.com/artist/66CXWjxzNUsdJxJ2JdwvnR'},"{'href': None, 'total': 95345556}",['pop'],https://api.spotify.com/v1/artists/66CXWjxzNUsdJxJ2JdwvnR,66CXWjxzNUsdJxJ2JdwvnR,"[{'height': 640, 'url': 'https://i.scdn.co/image/ab6761610000e5ebcdce7620dc940db079bf4952', 'width': 640}, {'height': 320, 'url': 'https://i.scdn.co/image/ab67616100005174cdce7620dc940db079bf4952', 'width': 320}, {'height': 160, 'url': 'https://i.scdn.co/image/ab6761610000f178cdce7620dc940db079bf4952', 'width': 160}]",Ariana Grande,87,artist,spotify:artist:66CXWjxzNUsdJxJ2JdwvnR
{'spotify': 'https://open.spotify.com/artist/6KZDXtSj0SzGOV705nNeh3'},"{'href': None, 'total': 3028209}","['pop rap', 'rap', 'southern hip hop', 'trap']",https://api.spotify.com/v1/artists/6KZDXtSj0SzGOV705nNeh3,6KZDXtSj0SzGOV705nNeh3,"[{'height': 640, 'url': 'https://i.scdn.co/image/ab6761610000e5eb15a85a7957cac2c370e713ab', 'width': 640}, {'height': 320, 'url': 'https://i.scdn.co/image/ab6761610000517415a85a7957cac2c370e713ab', 'width': 320}, {'height': 160, 'url': 'https://i.scdn.co/image/ab6761610000f17815a85a7957cac2c370e713ab', 'width': 160}]",Kid Ink,63,artist,spotify:artist:6KZDXtSj0SzGOV705nNeh3
{'spotify': 'https://open.spotify.com/artist/6eUKZXaKkcviH0Ku9w2n3V'},"{'href': None, 'total': 115772442}","['pop', 'singer-songwriter pop', 'uk pop']",https://api.spotify.com/v1/artists/6eUKZXaKkcviH0Ku9w2n3V,6eUKZXaKkcviH0Ku9w2n3V,"[{'height': 640, 'url': 'https://i.scdn.co/image/ab6761610000e5eb3bcef85e105dfc42399ef0ba', 'width': 640}, {'height': 320, 'url': 'https://i.scdn.co/image/ab676161000051743bcef85e105dfc42399ef0ba', 'width': 320}, {'height': 160, 'url': 'https://i.scdn.co/image/ab6761610000f1783bcef85e105dfc42399ef0ba', 'width': 160}]",Ed Sheeran,86,artist,spotify:artist:6eUKZXaKkcviH0Ku9w2n3V
{'spotify': 'https://open.spotify.com/artist/163tK9Wjr9P9DmM0AVK7lm'},"{'href': None, 'total': 10014018}","['art pop', 'metropopolis', 'nz pop', 'pop']",https://api.spotify.com/v1/artists/163tK9Wjr9P9DmM0AVK7lm,163tK9Wjr9P9DmM0AVK7lm,"[{'height': 640, 'url': 'https://i.scdn.co/image/ab6761610000e5ebc4902f080d3620b3e6da80c3', 'width': 640}, {'height': 320, 'url': 'https://i.scdn.co/image/ab67616100005174c4902f080d3620b3e6da80c3', 'width': 320}, {'height': 160, 'url': 'https://i.scdn.co/image/ab6761610000f178c4902f080d3620b3e6da80c3', 'width': 160}]",Lorde,74,artist,spotify:artist:163tK9Wjr9P9DmM0AVK7lm
{'spotify': 'https://open.spotify.com/artist/2RdwBSPQiwcmiDo9kixcl8'},"{'href': None, 'total': 4326307}","['dance pop', 'pop']",https://api.spotify.com/v1/artists/2RdwBSPQiwcmiDo9kixcl8,2RdwBSPQiwcmiDo9kixcl8,"[{'height': 640, 'url': 'https://i.scdn.co/image/ab6761610000e5ebf0789cd783c20985ec3deb4e', 'width': 640}, {'height': 320, 'url': 'https://i.scdn.co/image/ab67616100005174f0789cd783c20985ec3deb4e', 'width': 320}, {'height': 160, 'url': 'https://i.scdn.co/image/ab6761610000f178f0789cd783c20985ec3deb4e', 'width': 160}]",Pharrell Williams,76,artist,spotify:artist:2RdwBSPQiwcmiDo9kixcl8
{'spotify': 'https://open.spotify.com/artist/7CajNmpbOovFoOoasH2HaY'},"{'href': None, 'total': 23483845}","['dance pop', 'edm', 'electro house', 'house', 'pop', 'pop dance', 'progressive house', 'uk dance']",https://api.spotify.com/v1/artists/7CajNmpbOovFoOoasH2HaY,7CajNmpbOovFoOoasH2HaY,"[{'height': 640, 'url': 'https://i.scdn.co/image/ab6761610000e5eb37bff6aa1d42bede9048750f', 'width': 640}, {'height': 320, 'url': 'https://i.scdn.co/image/ab6761610000517437bff6aa1d42bede9048750f', 'width': 320}, {'height': 160, 'url': 'https://i.scdn.co/image/ab6761610000f17837bff6aa1d42bede9048750f', 'width': 160}]",Calvin Harris,83,artist,spotify:artist:7CajNmpbOovFoOoasH2HaY
{'spotify': 'https://open.spotify.com/artist/2o5jDhtHVPhrJdv3cEQ99Z'},"{'href': None, 'total': 7198630}","['big room', 'brostep', 'dutch edm', 'edm', 'house', 'pop dance', 'slap house', 'trance']",https://api.spotify.com/v1/artists/2o5jDhtHVPhrJdv3cEQ99Z,2o5jDhtHVPhrJdv3cEQ99Z,"[{'height': 640, 'url': 'https://i.scdn.co/image/ab6761610000e5ebe84e08fb1dfa2bf9b5a61563', 'width': 640}, {'height': 320, 'url': 'https://i.scdn.co/image/ab67616100005174e84e08fb1dfa2bf9b5a61563', 'width': 320}, {'height': 160, 'url': 'https://i.scdn.co/image/ab6761610000f178e84e08fb1dfa2bf9b5a61563', 'width': 160}]",Tiësto,80,artist,spotify:artist:2o5jDhtHVPhrJdv3cEQ99Z
{'spotify': 'https://open.spotify.com/artist/2wY79sveU1sp5g7SokKOiI'},"{'href': None, 'total': 23458453}","['pop', 'uk pop']",https://api.spotify.com/v1/artists/2wY79sveU1sp5g7SokKOiI,2wY79sveU1sp5g7SokKOiI,"[{'height': 640, 'url': 'https://i.scdn.co/image/ab6761610000e5eba8eef8322e55fc49ab436eea', 'width': 640}, {'height': 320, 'url': 'https://i.scdn.co/image/ab67616100005174a8eef8322e55fc49ab436eea', 'width': 320}, {'height': 160, 'url': 'https://i.scdn.co/image/ab6761610000f178a8eef8322e55fc49ab436eea', 'width': 160}]",Sam Smith,82,artist,spotify:artist:2wY79sveU1sp5g7SokKOiI
{'spotify': 'https://open.spotify.com/artist/33W1pnW9zScZtYTnAoWnOT'},"{'href': None, 'total': 334462}",['pop dance'],https://api.spotify.com/v1/artists/33W1pnW9zScZtYTnAoWnOT,33W1pnW9zScZtYTnAoWnOT,"[{'height': 640, 'url': 'https://i.scdn.co/image/ab6761610000e5eb4665e17c6cad3616d170dfeb', 'width': 640}, {'height': 320, 'url': 'https://i.scdn.co/image/ab676161000051744665e17c6cad3616d170dfeb', 'width': 320}, {'height': 160, 'url': 'https://i.scdn.co/image/ab6761610000f1784665e17c6cad3616d170dfeb', 'width': 160}]",Mr. Probz,60,artist,spotify:artist:33W1pnW9zScZtYTnAoWnOT
{'spotify': 'https://open.spotify.com/artist/5Rl15oVamLq7FbSb0NNBNy'},"{'href': None, 'total': 9793783}","['boy band', 'pop']",https://api.spotify.com/v1/artists/5Rl15oVamLq7FbSb0NNBNy,5Rl15oVamLq7FbSb0NNBNy,"[{'height': 640, 'url': 'https://i.scdn.co/image/ab6761610000e5eb5048d9616b459ef90f04b6d8', 'width': 640}, {'height': 320, 'url': 'https://i.scdn.co/image/ab676161000051745048d9616b459ef90f04b6d8', 'width': 320}, {'height': 160, 'url': 'https://i.scdn.co/image/ab6761610000f1785048d9616b459ef90f04b6d8', 'width': 160}]",5 Seconds of Summer,74,artist,spotify:artist:5Rl15oVamLq7FbSb0NNBNy
{'spotify': 'https://open.spotify.com/artist/5yG7ZAZafVaAlMTeBybKAL'},"{'href': None, 'total': 6528814}","['australian hip hop', 'dance pop', 'pop']",https://api.spotify.com/v1/artists/5yG7ZAZafVaAlMTeBybKAL,5yG7ZAZafVaAlMTeBybKAL,"[{'height': 640, 'url': 'https://i.scdn.co/image/ab6761610000e5eb698a6abf2897a8fc8283cc0c', 'width': 640}, {'height': 320, 'url': 'https://i.scdn.co/image/ab67616100005174698a6abf2897a8fc8283cc0c', 'width': 320}, {'height': 160, 'url': 'https://i.scdn.co/image/ab6761610000f178698a6abf2897a8fc8283cc0c', 'width': 160}]",Iggy Azalea,65,artist,spotify:artist:5yG7ZAZafVaAlMTeBybKAL
{'spotify': 'https://open.spotify.com/artist/2l35CQqtYRh3d8ZIiBep4v'},"{'href': None, 'total': 1053609}","['pop', 'post-teen pop']",https://api.spotify.com/v1/artists/2l35CQqtYRh3d8ZIiBep4v,2l35CQqtYRh3d8ZIiBep4v,"[{'height': 640, 'url': 'https://i.scdn.co/image/ab6761610000e5ebbc861f3d1ba68614d3a301b4', 'width': 640}, {'height': 320, 'url': 'https://i.scdn.co/image/ab67616100005174bc861f3d1ba68614d3a301b4', 'width': 320}, {'height': 160, 'url': 'https://i.scdn.co/image/ab6761610000f178bc861f3d1ba68614d3a301b4', 'width': 160}]",MKTO,62,artist,spotify:artist:2l35CQqtYRh3d8ZIiBep4v
{'spotify': 'https://open.spotify.com/artist/4fwuXg6XQHfdlOdmw36OHa'},"{'href': None, 'total': 1218396}","['british soul', 'talent show', 'uk pop']",https://api.spotify.com/v1/artists/4fwuXg6XQHfdlOdmw36OHa,4fwuXg6XQHfdlOdmw36OHa,"[{'height': 640, 'url': 'https://i.scdn.co/image/ab6761610000e5eb7265a79cf26c2e4b3fed8d66', 'width': 640}, {'height': 320, 'url': 'https://i.scdn.co/image/ab676161000051747265a79cf26c2e4b3fed8d66', 'width': 320}, {'height': 160, 'url': 'https://i.scdn.co/image/ab6761610000f1787265a79cf26c2e4b3fed8d66', 'width': 160}]",Paloma Faith,64,artist,spotify:artist:4fwuXg6XQHfdlOdmw36OHa
{'spotify': 'https://open.spotify.com/artist/3whuHq0yGx60atvA2RCVRW'},"{'href': None, 'total': 3308681}","['dance pop', 'pop', 'talent show']",https://api.spotify.com/v1/artists/3whuHq0yGx60atvA2RCVRW,3whuHq0yGx60atvA2RCVRW,"[{'height': 640, 'url': 'https://i.scdn.co/image/ab6761610000e5eb0f69adcd21b766fa18e3c3db', 'width': 640}, {'height': 320, 'url': 'https://i.scdn.co/image/ab676161000051740f69adcd21b766fa18e3c3db', 'width': 320}, {'height': 160, 'url': 'https://i.scdn.co/image/ab6761610000f1780f69adcd21b766fa18e3c3db', 'width': 160}]",Olly Murs,62,artist,spotify:artist:3whuHq0yGx60atvA2RCVRW
{'spotify': 'https://open.spotify.com/artist/1vCWHaC5f2uS3yhpwWbIA6'},"{'href': None, 'total': 23257690}","['dance pop', 'edm', 'pop', 'pop dance']",https://api.spotify.com/v1/artists/1vCWHaC5f2uS3yhpwWbIA6,1vCWHaC5f2uS3yhpwWbIA6,"[{'height': 640, 'url': 'https://i.scdn.co/image/ab6761610000e5ebae07171f989fb39736674113', 'width': 640}, {'height': 320, 'url': 'https://i.scdn.co/image/ab67616100005174ae07171f989fb39736674113', 'width': 320}, {'height': 160, 'url': 'https://i.scdn.co/image/ab6761610000f178ae07171f989fb39736674113', 'width': 160}]",Avicii,78,artist,spotify:artist:1vCWHaC5f2uS3yhpwWbIA6
{'spotify': 'https://open.spotify.com/artist/6jJ0s89eD6GaHleKKya26X'},"{'href': None, 'total': 30718420}",['pop'],https://api.spotify.com/v1/artists/6jJ0s89eD6GaHleKKya26X,6jJ0s89eD6GaHleKKya26X,"[{'height': 640, 'url': 'https://i.scdn.co/image/ab6761610000e5ebdc9dcb7e4a97b4552e1224d6', 'width': 640}, {'height': 320, 'url': 'https://i.scdn.co/image/ab67616100005174dc9dcb7e4a97b4552e1224d6', 'width': 320}, {'height': 160, 'url': 'https://i.scdn.co/image/ab6761610000f178dc9dcb7e4a97b4552e1224d6', 'width': 160}]",Katy Perry,82,artist,spotify:artist:6jJ0s89eD6GaHleKKya26X
{'spotify': 'https://open.spotify.com/artist/4zxvC7CRGvggq9EWXOpwAo'},"{'href': None, 'total': 294147}","['electropop', 'pop edm']",https://api.spotify.com/v1/artists/4zxvC7CRGvggq9EWXOpwAo,4zxvC7CRGvggq9EWXOpwAo,"[{'height': 640, 'url': 'https://i.scdn.co/image/ab6761610000e5ebf347c5999531254bfbdf8af5', 'width': 640}, {'height': 320, 'url': 'https://i.scdn.co/image/ab67616100005174f347c5999531254bfbdf8af5', 'width': 320}, {'height': 160, 'url': 'https://i.scdn.co/image/ab6761610000f178f347c5999531254bfbdf8af5', 'width': 160}]",Kiesza,51,artist,spotify:artist:4zxvC7CRGvggq9EWXOpwAo
{'spotify': 'https://open.spotify.com/artist/5Pwc4xIPtQLFEnJriah9YJ'},"{'href': None, 'total': 16567184}","['piano rock', 'pop']",https://api.spotify.com/v1/artists/5Pwc4xIPtQLFEnJriah9YJ,5Pwc4xIPtQLFEnJriah9YJ,"[{'height': 640, 'url': 'https://i.scdn.co/image/ab6761610000e5eb57138b98e7ddd5a86ee97a9b', 'width': 640}, {'height': 320, 'url': 'https://i.scdn.co/image/ab6761610000517457138b98e7ddd5a86ee97a9b', 'width': 320}, {'height': 160, 'url': 'https://i.scdn.co/image/ab6761610000f17857138b98e7ddd5a86ee97a9b', 'width': 160}]",OneRepublic,80,artist,spotify:artist:5Pwc4xIPtQLFEnJriah9YJ
{'spotify': 'https://open.spotify.com/artist/6vWDO969PvNqNYHIOW5v0m'},"{'href': None, 'total': 36543863}","['pop', 'r&b']",https://api.spotify.com/v1/artists/6vWDO969PvNqNYHIOW5v0m,6vWDO969PvNqNYHIOW5v0m,"[{'height': 640, 'url': 'https://i.scdn.co/image/ab6761610000e5eb12e3f20d05a8d6cfde988715', 'width': 640}, {'height': 320, 'url': 'https://i.scdn.co/image/ab6761610000517412e3f20d05a8d6cfde988715', 'width': 320}, {'height': 160, 'url': 'https://i.scdn.co/image/ab6761610000f17812e3f20d05a8d6cfde988715', 'width': 160}]",Beyoncé,83,artist,spotify:artist:6vWDO969PvNqNYHIOW5v0m
{'spotify': 'https://open.spotify.com/artist/4gzpq5DPGxSnKTe4SA8HAU'},"{'href': None, 'total': 48524243}","['permanent wave', 'pop']",https://api.spotify.com/v1/artists/4gzpq5DPGxSnKTe4SA8HAU,4gzpq5DPGxSnKTe4SA8HAU,"[{'height': 640, 'url': 'https://i.scdn.co/image/ab6761610000e5eb989ed05e1f0570cc4726c2d3', 'width': 640}, {'height': 320, 'url': 'https://i.scdn.co/image/ab67616100005174989ed05e1f0570cc4726c2d3', 'width': 320}, {'height': 160, 'url': 'https://i.scdn.co/image/ab6761610000f178989ed05e1f0570cc4726c2d3', 'width': 160}]",Coldplay,86,artist,spotify:artist:4gzpq5DPGxSnKTe4SA8HAU
{'spotify': 'https://open.spotify.com/artist/07YZf4WDAMNwqr4jfgOZ8y'},"{'href': None, 'total': 12010142}","['dance pop', 'pop']",https://api.spotify.com/v1/artists/07YZf4WDAMNwqr4jfgOZ8y,07YZf4WDAMNwqr4jfgOZ8y,"[{'height': 640, 'url': 'https://i.scdn.co/image/ab6761610000e5eb2ca27dcc7f92e9576126bb18', 'width': 640}, {'height': 320, 'url': 'https://i.scdn.co/image/ab676161000051742ca27dcc7f92e9576126bb18', 'width': 320}, {'height': 160, 'url': 'https://i.scdn.co/image/ab6761610000f1782ca27dcc7f92e9576126bb18', 'width': 160}]",Jason Derulo,76,artist,spotify:artist:07YZf4WDAMNwqr4jfgOZ8y
{'spotify': 'https://open.spotify.com/artist/0MlOPi3zIDMVrfA9R04Fe3'},"{'href': None, 'total': 1566749}","['modern rock', 'pop rock']",https://api.spotify.com/v1/artists/0MlOPi3zIDMVrfA9R04Fe3,0MlOPi3zIDMVrfA9R04Fe3,"[{'height': 640, 'url': 'https://i.scdn.co/image/ab6761610000e5eb5e28b1947246a1928d9086f0', 'width': 640}, {'height': 320, 'url': 'https://i.scdn.co/image/ab676161000051745e28b1947246a1928d9086f0', 'width': 320}, {'height': 160, 'url': 'https://i.scdn.co/image/ab6761610000f1785e28b1947246a1928d9086f0', 'width': 160}]",American Authors,63,artist,spotify:artist:0MlOPi3zIDMVrfA9R04Fe3
{'spotify': 'https://open.spotify.com/artist/69GGBxA162lTqCwzJG5jLp'},"{'href': None, 'total': 20524372}",['pop'],https://api.spotify.com/v1/artists/69GGBxA162lTqCwzJG5jLp,69GGBxA162lTqCwzJG5jLp,"[{'height': 640, 'url': 'https://i.scdn.co/image/ab6761610000e5ebdb68d678df6d89bf8a55d052', 'width': 640}, {'height': 320, 'url': 'https://i.scdn.co/image/ab67616100005174db68d678df6d89bf8a55d052', 'width': 320}, {'height': 160, 'url': 'https://i.scdn.co/image/ab6761610000f178db68d678df6d89bf8a55d052', 'width': 160}]",The Chainsmokers,78,artist,spotify:artist:69GGBxA162lTqCwzJG5jLp
{'spotify': 'https://open.spotify.com/artist/0C8ZW7ezQVs4URX5aX7Kqx'},"{'href': None, 'total': 46907649}","['pop', 'post-teen pop']",https://api.spotify.com/v1/artists/0C8ZW7ezQVs4URX5aX7Kqx,0C8ZW7ezQVs4URX5aX7Kqx,"[{'height': 640, 'url': 'https://i.scdn.co/image/ab6761610000e5eb0c8eb928813cd06614c0710d', 'width': 640}, {'height': 320, 'url': 'https://i.scdn.co/image/ab676161000051740c8eb928813cd06614c0710d', 'width': 320}, {'height': 160, 'url': 'https://i.scdn.co/image/ab6761610000f1780c8eb928813cd06614c0710d', 'width': 160}]",Selena Gomez,81,artist,spotify:artist:0C8ZW7ezQVs4URX5aX7Kqx
{'spotify': 'https://open.spotify.com/artist/4AK6F7OLvEQ5QYCBNiQWHq'},"{'href': None, 'total': 34068266}","['boy band', 'pop', 'post-teen pop', 'talent show']",https://api.spotify.com/v1/artists/4AK6F7OLvEQ5QYCBNiQWHq,4AK6F7OLvEQ5QYCBNiQWHq,"[{'height': 1000, 'url': 'https://i.scdn.co/image/5bb443424a1ad71603c43d67f5af1a04da6bb3c8', 'width': 1000}, {'height': 640, 'url': 'https://i.scdn.co/image/289c7f686f5b78ceeb224453cf9a15697a678a79', 'width': 640}, {'height': 200, 'url': 'https://i.scdn.co/image/45741ba38b51130bb96e00c0e24d17ba311a9293', 'width': 200}, {'height': 64, 'url': 'https://i.scdn.co/image/6c89c662ad0ab75bc2af9a3ae2b16f811daced50', 'width': 64}]",One Direction,81,artist,spotify:artist:4AK6F7OLvEQ5QYCBNiQWHq
{'spotify': 'https://open.spotify.com/artist/2gsggkzM5R49q6jpPvazou'},"{'href': None, 'total': 11725567}","['dance pop', 'pop']",https://api.spotify.com/v1/artists/2gsggkzM5R49q6jpPvazou,2gsggkzM5R49q6jpPvazou,"[{'height': 640, 'url': 'https://i.scdn.co/image/ab6761610000e5eb91f0dd753c09e051675a1ca6', 'width': 640}, {'height': 320, 'url': 'https://i.scdn.co/image/ab6761610000517491f0dd753c09e051675a1ca6', 'width': 320}, {'height': 160, 'url': 'https://i.scdn.co/image/ab6761610000f17891f0dd753c09e051675a1ca6', 'width': 160}]",Jessie J,69,artist,spotify:artist:2gsggkzM5R49q6jpPvazou
{'spotify': 'https://open.spotify.com/artist/10exVja0key0uqUkk6LJRT'},"{'href': None, 'total': 2950737}","['folk-pop', 'modern rock']",https://api.spotify.com/v1/artists/10exVja0key0uqUkk6LJRT,10exVja0key0uqUkk6LJRT,"[{'height': 640, 'url': 'https://i.scdn.co/image/ab6761610000e5eb8f074ec8c25406680bf26422', 'width': 640}, {'height': 320, 'url': 'https://i.scdn.co/image/ab676161000051748f074ec8c25406680bf26422', 'width': 320}, {'height': 160, 'url': 'https://i.scdn.co/image/ab6761610000f1788f074ec8c25406680bf26422', 'width': 160}]",Vance Joy,73,artist,spotify:artist:10exVja0key0uqUkk6LJRT
{'spotify': 'https://open.spotify.com/artist/28j8lBWDdDSHSSt5oPlsX2'},"{'href': None, 'total': 868852}","['edm', 'electro house']",https://api.spotify.com/v1/artists/28j8lBWDdDSHSSt5oPlsX2,28j8lBWDdDSHSSt5oPlsX2,"[{'height': 640, 'url': 'https://i.scdn.co/image/ab6761610000e5ebdc9f3434f96e3d21a3aec6ae', 'width': 640}, {'height': 320, 'url': 'https://i.scdn.co/image/ab67616100005174dc9f3434f96e3d21a3aec6ae', 'width': 320}, {'height': 160, 'url': 'https://i.scdn.co/image/ab6761610000f178dc9f3434f96e3d21a3aec6ae', 'width': 160}]",ZHU,61,artist,spotify:artist:28j8lBWDdDSHSSt5oPlsX2
{'spotify': 'https://open.spotify.com/artist/540vIaP2JwjQb9dm3aArA4'},"{'href': None, 'total': 8783040}","['dance pop', 'edm', 'electronic trap', 'pop', 'pop dance']",https://api.spotify.com/v1/artists/540vIaP2JwjQb9dm3aArA4,540vIaP2JwjQb9dm3aArA4,"[{'height': 640, 'url': 'https://i.scdn.co/image/ab6761610000e5eb4b6c50f5fdfc89384b19cc68', 'width': 640}, {'height': 320, 'url': 'https://i.scdn.co/image/ab676161000051744b6c50f5fdfc89384b19cc68', 'width': 320}, {'height': 160, 'url': 'https://i.scdn.co/image/ab6761610000f1784b6c50f5fdfc89384b19cc68', 'width': 160}]",DJ Snake,76,artist,spotify:artist:540vIaP2JwjQb9dm3aArA4
{'spotify': 'https://open.spotify.com/artist/5CCwRZC6euC8Odo6y9X8jr'},"{'href': None, 'total': 8374732}","['dance pop', 'pop', 'uk pop']",https://api.spotify.com/v1/artists/5CCwRZC6euC8Odo6y9X8jr,5CCwRZC6euC8Odo6y9X8jr,"[{'height': 640, 'url': 'https://i.scdn.co/image/ab6761610000e5eb40aa25269cc326b0f97c8ae2', 'width': 640}, {'height': 320, 'url': 'https://i.scdn.co/image/ab6761610000517440aa25269cc326b0f97c8ae2', 'width': 320}, {'height': 160, 'url': 'https://i.scdn.co/image/ab6761610000f17840aa25269cc326b0f97c8ae2', 'width': 160}]",Rita Ora,70,artist,spotify:artist:5CCwRZC6euC8Odo6y9X8jr
{'spotify': 'https://open.spotify.com/artist/04gDigrS5kc9YWfZHwBETP'},"{'href': None, 'total': 41859612}",['pop'],https://api.spotify.com/v1/artists/04gDigrS5kc9YWfZHwBETP,04gDigrS5kc9YWfZHwBETP,"[{'height': 640, 'url': 'https://i.scdn.co/image/ab6761610000e5ebf8349dfb619a7f842242de77', 'width': 640}, {'height': 320, 'url': 'https://i.scdn.co/image/ab67616100005174f8349dfb619a7f842242de77', 'width': 320}, {'height': 160, 'url': 'https://i.scdn.co/image/ab6761610000f178f8349dfb619a7f842242de77', 'width': 160}]",Maroon 5,83,artist,spotify:artist:04gDigrS5kc9YWfZHwBETP
{'spotify': 'https://open.spotify.com/artist/2ysnwxxNtSgbb9t1m2Ur4j'},"{'href': None, 'total': 4147312}","['folk-pop', 'neo-singer-songwriter', 'talent show']",https://api.spotify.com/v1/artists/2ysnwxxNtSgbb9t1m2Ur4j,2ysnwxxNtSgbb9t1m2Ur4j,"[{'height': 640, 'url': 'https://i.scdn.co/image/ab6761610000e5ebbe936a26ceb9cbbdec7df15b', 'width': 640}, {'height': 320, 'url': 'https://i.scdn.co/image/ab67616100005174be936a26ceb9cbbdec7df15b', 'width': 320}, {'height': 160, 'url': 'https://i.scdn.co/image/ab6761610000f178be936a26ceb9cbbdec7df15b', 'width': 160}]",George Ezra,71,artist,spotify:artist:2ysnwxxNtSgbb9t1m2Ur4j
{'spotify': 'https://open.spotify.com/artist/7bXgB6jMjp9ATFy66eO08Z'},"{'href': None, 'total': 20954951}","['r&b', 'rap']",https://api.spotify.com/v1/artists/7bXgB6jMjp9ATFy66eO08Z,7bXgB6jMjp9ATFy66eO08Z,"[{'height': 640, 'url': 'https://i.scdn.co/image/ab6761610000e5eba48397e590a1c70e2cda7728', 'width': 640}, {'height': 320, 'url': 'https://i.scdn.co/image/ab67616100005174a48397e590a1c70e2cda7728', 'width': 320}, {'height': 160, 'url': 'https://i.scdn.co/image/ab6761610000f178a48397e590a1c70e2cda7728', 'width': 160}]",Chris Brown,85,artist,spotify:artist:7bXgB6jMjp9ATFy66eO08Z
{'spotify': 'https://open.spotify.com/artist/6MDME20pz9RveH9rEXvrOM'},"{'href': None, 'total': 5364449}","['pop', 'uk dance', 'uk funky']",https://api.spotify.com/v1/artists/6MDME20pz9RveH9rEXvrOM,6MDME20pz9RveH9rEXvrOM,"[{'height': 640, 'url': 'https://i.scdn.co/image/ab6761610000e5eb7a487027eb0c10af725d5410', 'width': 640}, {'height': 320, 'url': 'https://i.scdn.co/image/ab676161000051747a487027eb0c10af725d5410', 'width': 320}, {'height': 160, 'url': 'https://i.scdn.co/image/ab6761610000f1787a487027eb0c10af725d5410', 'width': 160}]",Clean Bandit,71,artist,spotify:artist:6MDME20pz9RveH9rEXvrOM
{'spotify': 'https://open.spotify.com/artist/7qG3b048QCHVRO5Pv1T5lw'},"{'href': None, 'total': 11300760}","['dance pop', 'latin pop', 'mexican pop']",https://api.spotify.com/v1/artists/7qG3b048QCHVRO5Pv1T5lw,7qG3b048QCHVRO5Pv1T5lw,"[{'height': 640, 'url': 'https://i.scdn.co/image/ab6761610000e5ebe1694b820dbf141ff2d0ba2b', 'width': 640}, {'height': 320, 'url': 'https://i.scdn.co/image/ab67616100005174e1694b820dbf141ff2d0ba2b', 'width': 320}, {'height': 160, 'url': 'https://i.scdn.co/image/ab6761610000f178e1694b820dbf141ff2d0ba2b', 'width': 160}]",Enrique Iglesias,75,artist,spotify:artist:7qG3b048QCHVRO5Pv1T5lw
{'spotify': 'https://open.spotify.com/artist/1dgdvbogmctybPrGEcnYf6'},"{'href': None, 'total': 159334}","['house', 'uk dance']",https://api.spotify.com/v1/artists/1dgdvbogmctybPrGEcnYf6,1dgdvbogmctybPrGEcnYf6,"[{'height': 640, 'url': 'https://i.scdn.co/image/ab6761610000e5eb33f4f47b1ac051a5461dc40e', 'width': 640}, {'height': 320, 'url': 'https://i.scdn.co/image/ab6761610000517433f4f47b1ac051a5461dc40e', 'width': 320}, {'height': 160, 'url': 'https://i.scdn.co/image/ab6761610000f17833f4f47b1ac051a5461dc40e', 'width': 160}]",Route 94,54,artist,spotify:artist:1dgdvbogmctybPrGEcnYf6
{'spotify': 'https://open.spotify.com/artist/1PbBg2aYjWLKRk84zJK15x'},"{'href': None, 'total': 603456}","['electropop', 'indie poptimism', 'viral pop']",https://api.spotify.com/v1/artists/1PbBg2aYjWLKRk84zJK15x,1PbBg2aYjWLKRk84zJK15x,"[{'height': 640, 'url': 'https://i.scdn.co/image/ab6761610000e5ebaa03f30d8c257ac305984eba', 'width': 640}, {'height': 320, 'url': 'https://i.scdn.co/image/ab67616100005174aa03f30d8c257ac305984eba', 'width': 320}, {'height': 160, 'url': 'https://i.scdn.co/image/ab6761610000f178aa03f30d8c257ac305984eba', 'width': 160}]",Echosmith,55,artist,spotify:artist:1PbBg2aYjWLKRk84zJK15x
{'spotify': 'https://open.spotify.com/artist/2qxJFvFYMEDqd7ui6kSAcq'},"{'href': None, 'total': 6005640}","['complextro', 'edm', 'german techno', 'pop', 'pop dance']",https://api.spotify.com/v1/artists/2qxJFvFYMEDqd7ui6kSAcq,2qxJFvFYMEDqd7ui6kSAcq,"[{'height': 640, 'url': 'https://i.scdn.co/image/ab6761610000e5ebf801e3d9ecb568a1c3c62393', 'width': 640}, {'height': 320, 'url': 'https://i.scdn.co/image/ab67616100005174f801e3d9ecb568a1c3c62393', 'width': 320}, {'height': 160, 'url': 'https://i.scdn.co/image/ab6761610000f178f801e3d9ecb568a1c3c62393', 'width': 160}]",Zedd,72,artist,spotify:artist:2qxJFvFYMEDqd7ui6kSAcq
{'spotify': 'https://open.spotify.com/artist/5nki7yRhxgM509M5ADlN1p'},"{'href': None, 'total': 1016858}","['dutch house', 'edm', 'electro house', 'future house', 'house', 'pop dance', 'progressive electro house', 'progressive house']",https://api.spotify.com/v1/artists/5nki7yRhxgM509M5ADlN1p,5nki7yRhxgM509M5ADlN1p,"[{'height': 640, 'url': 'https://i.scdn.co/image/ab6761610000e5eb021c23c69e01f3e917264393', 'width': 640}, {'height': 320, 'url': 'https://i.scdn.co/image/ab67616100005174021c23c69e01f3e917264393', 'width': 320}, {'height': 160, 'url': 'https://i.scdn.co/image/ab6761610000f178021c23c69e01f3e917264393', 'width': 160}]",Oliver Heldens,66,artist,spotify:artist:5nki7yRhxgM509M5ADlN1p
{'spotify': 'https://open.spotify.com/artist/5y2Xq6xcjJb2jVM54GHK3t'},"{'href': None, 'total': 6654962}","['neo soul', 'pop', 'pop soul', 'urban contemporary']",https://api.spotify.com/v1/artists/5y2Xq6xcjJb2jVM54GHK3t,5y2Xq6xcjJb2jVM54GHK3t,"[{'height': 640, 'url': 'https://i.scdn.co/image/ab6761610000e5ebba10593e25ec51a3ba4296a0', 'width': 640}, {'height': 320, 'url': 'https://i.scdn.co/image/ab67616100005174ba10593e25ec51a3ba4296a0', 'width': 320}, {'height': 160, 'url': 'https://i.scdn.co/image/ab6761610000f178ba10593e25ec51a3ba4296a0', 'width': 160}]",John Legend,74,artist,spotify:artist:5y2Xq6xcjJb2jVM54GHK3t
{'spotify': 'https://open.spotify.com/artist/3KV3p5EY4AvKxOlhGHORLg'},"{'href': None, 'total': 6595967}","['chicago rap', 'pop rap', 'r&b', 'trap', 'urban contemporary']",https://api.spotify.com/v1/artists/3KV3p5EY4AvKxOlhGHORLg,3KV3p5EY4AvKxOlhGHORLg,"[{'height': 640, 'url': 'https://i.scdn.co/image/ab6761610000e5eb7a5ad304c840e1e3ff1536c7', 'width': 640}, {'height': 320, 'url': 'https://i.scdn.co/image/ab676161000051747a5ad304c840e1e3ff1536c7', 'width': 320}, {'height': 160, 'url': 'https://i.scdn.co/image/ab6761610000f1787a5ad304c840e1e3ff1536c7', 'width': 160}]",Jeremih,71,artist,spotify:artist:3KV3p5EY4AvKxOlhGHORLg
{'spotify': 'https://open.spotify.com/artist/0hCNtLu0JehylgoiP8L4Gh'},"{'href': None, 'total': 30273261}","['hip pop', 'pop', 'queens hip hop', 'rap']",https://api.spotify.com/v1/artists/0hCNtLu0JehylgoiP8L4Gh,0hCNtLu0JehylgoiP8L4Gh,"[{'height': 640, 'url': 'https://i.scdn.co/image/ab6761610000e5eb6a8e5e8752d1dc2dafa63f20', 'width': 640}, {'height': 320, 'url': 'https://i.scdn.co/image/ab676161000051746a8e5e8752d1dc2dafa63f20', 'width': 320}, {'height': 160, 'url': 'https://i.scdn.co/image/ab6761610000f1786a8e5e8752d1dc2dafa63f20', 'width': 160}]",Nicki Minaj,84,artist,spotify:artist:0hCNtLu0JehylgoiP8L4Gh
{'spotify': 'https://open.spotify.com/artist/5WUlDfRSoLAfcVSX1WnrxN'},"{'href': None, 'total': 27363859}","['australian dance', 'australian pop', 'pop']",https://api.spotify.com/v1/artists/5WUlDfRSoLAfcVSX1WnrxN,5WUlDfRSoLAfcVSX1WnrxN,"[{'height': 640, 'url': 'https://i.scdn.co/image/ab6761610000e5eb25a749000611559f1719cc5f', 'width': 640}, {'height': 320, 'url': 'https://i.scdn.co/image/ab6761610000517425a749000611559f1719cc5f', 'width': 320}, {'height': 160, 'url': 'https://i.scdn.co/image/ab6761610000f17825a749000611559f1719cc5f', 'width': 160}]",Sia,83,artist,spotify:artist:5WUlDfRSoLAfcVSX1WnrxN
{'spotify': 'https://open.spotify.com/artist/74XFHRwlV6OrjEM0A2NCMF'},"{'href': None, 'total': 8213429}","['candy pop', 'modern rock', 'pixie', 'pop', 'pop emo', 'pop punk', 'rock']",https://api.spotify.com/v1/artists/74XFHRwlV6OrjEM0A2NCMF,74XFHRwlV6OrjEM0A2NCMF,"[{'height': 640, 'url': 'https://i.scdn.co/image/ab6761610000e5ebb10c34546a4ca2d7faeb8865', 'width': 640}, {'height': 320, 'url': 'https://i.scdn.co/image/ab67616100005174b10c34546a4ca2d7faeb8865', 'width': 320}, {'height': 160, 'url': 'https://i.scdn.co/image/ab6761610000f178b10c34546a4ca2d7faeb8865', 'width': 160}]",Paramore,76,artist,spotify:artist:74XFHRwlV6OrjEM0A2NCMF
{'spotify': 'https://open.spotify.com/artist/2iojnBLj0qIMiKPvVhLnsH'},"{'href': None, 'total': 7465309}","['dance pop', 'r&b', 'southern hip hop', 'trap', 'urban contemporary']",https://api.spotify.com/v1/artists/2iojnBLj0qIMiKPvVhLnsH,2iojnBLj0qIMiKPvVhLnsH,"[{'height': 640, 'url': 'https://i.scdn.co/image/ab6761610000e5ebfd7cca32a58a9bb263fb5c4a', 'width': 640}, {'height': 320, 'url': 'https://i.scdn.co/image/ab67616100005174fd7cca32a58a9bb263fb5c4a', 'width': 320}, {'height': 160, 'url': 'https://i.scdn.co/image/ab6761610000f178fd7cca32a58a9bb263fb5c4a', 'width': 160}]",Trey Songz,67,artist,spotify:artist:2iojnBLj0qIMiKPvVhLnsH
{'spotify': 'https://open.spotify.com/artist/3Yl4nkmEa8BSuGWbwhdLDq'},"{'href': None, 'total': 418172}","['girl group', 'post-teen pop', 'talent show']",https://api.spotify.com/v1/artists/3Yl4nkmEa8BSuGWbwhdLDq,3Yl4nkmEa8BSuGWbwhdLDq,"[{'height': 640, 'url': 'https://i.scdn.co/image/ab6761610000e5eb8d6be0bb08d49681c43bc899', 'width': 640}, {'height': 320, 'url': 'https://i.scdn.co/image/ab676161000051748d6be0bb08d49681c43bc899', 'width': 320}, {'height': 160, 'url': 'https://i.scdn.co/image/ab6761610000f1788d6be0bb08d49681c43bc899', 'width': 160}]",G.R.L.,51,artist,spotify:artist:3Yl4nkmEa8BSuGWbwhdLDq
{'spotify': 'https://open.spotify.com/artist/34Y0ldeyUv7jBvukWOGASO'},"{'href': None, 'total': 1491597}","['nyc rap', 'rap', 'trap']",https://api.spotify.com/v1/artists/34Y0ldeyUv7jBvukWOGASO,34Y0ldeyUv7jBvukWOGASO,"[{'height': 640, 'url': 'https://i.scdn.co/image/ab6761610000e5ebee12e6771607433caee705a3', 'width': 640}, {'height': 320, 'url': 'https://i.scdn.co/image/ab67616100005174ee12e6771607433caee705a3', 'width': 320}, {'height': 160, 'url': 'https://i.scdn.co/image/ab6761610000f178ee12e6771607433caee705a3', 'width': 160}]",Bobby Shmurda,55,artist,spotify:artist:34Y0ldeyUv7jBvukWOGASO
{'spotify': 'https://open.spotify.com/artist/1Zatb2YN4erBOoSivOXc0o'},"{'href': None, 'total': 1036945}","['southern hip hop', 'trap']",https://api.spotify.com/v1/artists/1Zatb2YN4erBOoSivOXc0o,1Zatb2YN4erBOoSivOXc0o,"[{'height': 640, 'url': 'https://i.scdn.co/image/ab6761610000e5eb6aea835a2e35e92e7a65eec9', 'width': 640}, {'height': 320, 'url': 'https://i.scdn.co/image/ab676161000051746aea835a2e35e92e7a65eec9', 'width': 320}, {'height': 160, 'url': 'https://i.scdn.co/image/ab6761610000f1786aea835a2e35e92e7a65eec9', 'width': 160}]",O.T. Genasis,50,artist,spotify:artist:1Zatb2YN4erBOoSivOXc0o
{'spotify': 'https://open.spotify.com/artist/50OApTJurDusIo9dGTqSU4'},"{'href': None, 'total': 249130}","['french indie pop', 'french rock']",https://api.spotify.com/v1/artists/50OApTJurDusIo9dGTqSU4,50OApTJurDusIo9dGTqSU4,"[{'height': 640, 'url': 'https://i.scdn.co/image/ab6761610000e5eb76a8e34c1a5af31964a4bbf7', 'width': 640}, {'height': 320, 'url': 'https://i.scdn.co/image/ab6761610000517476a8e34c1a5af31964a4bbf7', 'width': 320}, {'height': 160, 'url': 'https://i.scdn.co/image/ab6761610000f17876a8e34c1a5af31964a4bbf7', 'width': 160}]",Lilly Wood and The Prick,59,artist,spotify:artist:50OApTJurDusIo9dGTqSU4
{'spotify': 'https://open.spotify.com/artist/2qdONMCoDngQk0eV4Avs1i'},"{'href': None, 'total': 109661}",[],https://api.spotify.com/v1/artists/2qdONMCoDngQk0eV4Avs1i,2qdONMCoDngQk0eV4Avs1i,"[{'height': 640, 'url': 'https://i.scdn.co/image/ab6761610000e5ebe0d9a23270952f1e58670bc0', 'width': 640}, {'height': 320, 'url': 'https://i.scdn.co/image/ab67616100005174e0d9a23270952f1e58670bc0', 'width': 320}, {'height': 160, 'url': 'https://i.scdn.co/image/ab6761610000f178e0d9a23270952f1e58670bc0', 'width': 160}]",Natalie La Rose,47,artist,spotify:artist:2qdONMCoDngQk0eV4Avs1i
{'spotify': 'https://open.spotify.com/artist/5IcR3N7QB1j6KBL8eImZ8m'},"{'href': None, 'total': 4634741}","['gangster rap', 'hip hop', 'pop rap', 'rap', 'southern hip hop', 'trap']",https://api.spotify.com/v1/artists/5IcR3N7QB1j6KBL8eImZ8m,5IcR3N7QB1j6KBL8eImZ8m,"[{'height': 640, 'url': 'https://i.scdn.co/image/ab6761610000e5ebe697a7ddf7af3a306428fa73', 'width': 640}, {'height': 320, 'url': 'https://i.scdn.co/image/ab67616100005174e697a7ddf7af3a306428fa73', 'width': 320}, {'height': 160, 'url': 'https://i.scdn.co/image/ab6761610000f178e697a7ddf7af3a306428fa73', 'width': 160}]",ScHoolboy Q,69,artist,spotify:artist:5IcR3N7QB1j6KBL8eImZ8m
{'spotify': 'https://open.spotify.com/artist/4NHQUGzhtTLFvgF5SZesLK'},"{'href': None, 'total': 3537234}","['dance pop', 'metropopolis', 'pop', 'swedish electropop', 'swedish pop', 'swedish synthpop']",https://api.spotify.com/v1/artists/4NHQUGzhtTLFvgF5SZesLK,4NHQUGzhtTLFvgF5SZesLK,"[{'height': 640, 'url': 'https://i.scdn.co/image/ab6761610000e5ebf43f1646fe2bffb471b25e17', 'width': 640}, {'height': 320, 'url': 'https://i.scdn.co/image/ab67616100005174f43f1646fe2bffb471b25e17', 'width': 320}, {'height': 160, 'url': 'https://i.scdn.co/image/ab6761610000f178f43f1646fe2bffb471b25e17', 'width': 160}]",Tove Lo,71,artist,spotify:artist:4NHQUGzhtTLFvgF5SZesLK
{'spotify': 'https://open.spotify.com/artist/3AQRLZ9PuTAozP28Skbq8V'},"{'href': None, 'total': 8102117}","['celtic rock', 'pop']",https://api.spotify.com/v1/artists/3AQRLZ9PuTAozP28Skbq8V,3AQRLZ9PuTAozP28Skbq8V,"[{'height': 640, 'url': 'https://i.scdn.co/image/ab6761610000e5eb17287dc33dcde4a69fd71b59', 'width': 640}, {'height': 320, 'url': 'https://i.scdn.co/image/ab6761610000517417287dc33dcde4a69fd71b59', 'width': 320}, {'height': 160, 'url': 'https://i.scdn.co/image/ab6761610000f17817287dc33dcde4a69fd71b59', 'width': 160}]",The Script,71,artist,spotify:artist:3AQRLZ9PuTAozP28Skbq8V
{'spotify': 'https://open.spotify.com/artist/4Rxn7Im3LGfyRkY2FlHhWi'},"{'href': None, 'total': 9609534}","['dance pop', 'pop']",https://api.spotify.com/v1/artists/4Rxn7Im3LGfyRkY2FlHhWi,4Rxn7Im3LGfyRkY2FlHhWi,"[{'height': 640, 'url': 'https://i.scdn.co/image/ab6761610000e5eb780447f701c671015c2109a0', 'width': 640}, {'height': 320, 'url': 'https://i.scdn.co/image/ab67616100005174780447f701c671015c2109a0', 'width': 320}, {'height': 160, 'url': 'https://i.scdn.co/image/ab6761610000f178780447f701c671015c2109a0', 'width': 160}]",Nick Jonas,62,artist,spotify:artist:4Rxn7Im3LGfyRkY2FlHhWi
{'spotify': 'https://open.spotify.com/artist/6VDdCwrBM4qQaGxoAyxyJC'},"{'href': None, 'total': 845321}","['indie rock', 'modern alternative rock', 'modern rock', 'piano rock', 'stomp and holler']",https://api.spotify.com/v1/artists/6VDdCwrBM4qQaGxoAyxyJC,6VDdCwrBM4qQaGxoAyxyJC,"[{'height': 640, 'url': 'https://i.scdn.co/image/ab6761610000e5eb27ea8d74714b23fa9e116f91', 'width': 640}, {'height': 320, 'url': 'https://i.scdn.co/image/ab6761610000517427ea8d74714b23fa9e116f91', 'width': 320}, {'height': 160, 'url': 'https://i.scdn.co/image/ab6761610000f17827ea8d74714b23fa9e116f91', 'width': 160}]",Cold War Kids,58,artist,spotify:artist:6VDdCwrBM4qQaGxoAyxyJC
{'spotify': 'https://open.spotify.com/artist/0TnOYISbd1XYRBk9myaseg'},"{'href': None, 'total': 10342252}","['dance pop', 'miami hip hop', 'pop']",https://api.spotify.com/v1/artists/0TnOYISbd1XYRBk9myaseg,0TnOYISbd1XYRBk9myaseg,"[{'height': 640, 'url': 'https://i.scdn.co/image/ab6761610000e5ebee07b5820dd91d15d397e29c', 'width': 640}, {'height': 320, 'url': 'https://i.scdn.co/image/ab67616100005174ee07b5820dd91d15d397e29c', 'width': 320}, {'height': 160, 'url': 'https://i.scdn.co/image/ab6761610000f178ee07b5820dd91d15d397e29c', 'width': 160}]",Pitbull,80,artist,spotify:artist:0TnOYISbd1XYRBk9myaseg
{'spotify': 'https://open.spotify.com/artist/0NIIxcxNHmOoyBx03SfTCD'},"{'href': None, 'total': 2687990}","['alternative r&b', 'dance pop', 'metropopolis', 'pop', 'r&b', 'urban contemporary']",https://api.spotify.com/v1/artists/0NIIxcxNHmOoyBx03SfTCD,0NIIxcxNHmOoyBx03SfTCD,"[{'height': 640, 'url': 'https://i.scdn.co/image/ab6761610000e5eb74cca01a52304bfd552cd17d', 'width': 640}, {'height': 320, 'url': 'https://i.scdn.co/image/ab6761610000517474cca01a52304bfd552cd17d', 'width': 320}, {'height': 160, 'url': 'https://i.scdn.co/image/ab6761610000f17874cca01a52304bfd552cd17d', 'width': 160}]",Tinashe,65,artist,spotify:artist:0NIIxcxNHmOoyBx03SfTCD
{'spotify': 'https://open.spotify.com/artist/6VxCmtR7S3yz4vnzsJqhSV'},"{'href': None, 'total': 293944}","['australian indie', 'australian pop', 'folk-pop']",https://api.spotify.com/v1/artists/6VxCmtR7S3yz4vnzsJqhSV,6VxCmtR7S3yz4vnzsJqhSV,"[{'height': 640, 'url': 'https://i.scdn.co/image/ab6761610000e5eb4213569798d691ccce6dfec9', 'width': 640}, {'height': 320, 'url': 'https://i.scdn.co/image/ab676161000051744213569798d691ccce6dfec9', 'width': 320}, {'height': 160, 'url': 'https://i.scdn.co/image/ab6761610000f1784213569798d691ccce6dfec9', 'width': 160}]",Sheppard,58,artist,spotify:artist:6VxCmtR7S3yz4vnzsJqhSV
{'spotify': 'https://open.spotify.com/artist/0DxeaLnv6SyYk2DOqkLO8c'},"{'href': None, 'total': 1325216}","['pop', 'reggae fusion']",https://api.spotify.com/v1/artists/0DxeaLnv6SyYk2DOqkLO8c,0DxeaLnv6SyYk2DOqkLO8c,"[{'height': 640, 'url': 'https://i.scdn.co/image/ab6761610000e5eb6322d3011e177875f2028dab', 'width': 640}, {'height': 320, 'url': 'https://i.scdn.co/image/ab676161000051746322d3011e177875f2028dab', 'width': 320}, {'height': 160, 'url': 'https://i.scdn.co/image/ab6761610000f1786322d3011e177875f2028dab', 'width': 160}]",MAGIC!,63,artist,spotify:artist:0DxeaLnv6SyYk2DOqkLO8c
